asset,EqualWeight,MinVariance
GME,0.25,0.05275132358450273
ZM,0.25,0.13920331666515484
TSLA,0.25,0.07196964917920576
MCD,0.25,0.7360757105711366
