asset,ann_return,ann_vol,sharpe,sortino,max_drawdown
GME,-0.34524689011706855,0.585576215541956,-0.4817940050412351,-0.8525613416114727,-0.7915628788520498
ZM,-0.39035072590018227,0.3459516634372809,-1.34311915868674,-2.2769099882321937,-0.6535153038176733
TSLA,0.12543156844151437,0.46726769218150294,0.42212287192543296,0.7015116234408485,-0.4673966100707946
MCD,-0.07797017634012449,0.15004949921219,-0.6658637937420805,-1.0404719049101228,-0.20201353600114524
EW,-0.14259331701120315,0.20722476325030523,-0.7835086353958642,-1.283048331061784,-0.3781118570591736
MinVar,-0.11070765890630618,0.12960802848818193,-1.071782184634192,-1.705833731154816,-0.24290192334083738
VolTargetEW,-0.10153077426415225,0.15,-0.8387382926556819,-1.373490626616728,-0.2884743796092061
